"Simulation number","Main_seg_D","Category","Main_seg_ang","d_BA","d_WA","tau.z","tau.v","mean_A","min_speed","max_speed","BA_dep","WA_arr","WA_dep","BA_arr"
"1","49","short","2.34","12.25","12.25","7","0.06","129.5","1.36","1.77","173","206","323","355"
"2","45","short","4.41","22.5","15","5","0.04","122","1.15","1.88","173","208","324","360"
"3","29","short","5.07","7.25","7.25","6","0.06","120","1.04","1.81","156","176","294","315"
"4","48","short","0.06","12","12","7","0.05","124.5","1.43","2","120","150","266","302"
"5","26","short","4.31","13","13","7","0.06","126","1.18","1.62","172","196","292","317"
"6","45","short","5.89","11.25","22.5","6","0.05","115","1.27","1.73","127","169","321","357"
"7","34","short","2.5","8.5","8.5","7","0.05","126","1","2.12","131","162","326","358"
"8","44","short","5.02","14.67","14.67","5","0.05","122","0.98","1.91","171","208","328","361"
"9","45","short","1.3","11.25","11.25","6","0.04","131","1.41","2","149","183","313","341"
"10","35","short","1.93","11.67","11.67","7","0.06","121","1.04","1.46","143","171","275","311"
"11","50","short","0","16.67","25","6","0.05","139","1.28","1.7","148","189","338","377"
"12","26","short","5.14","13","6.5","7","0.05","134","1.3","1.44","163","185","314","335"
"13","48","short","1.55","16","24","7","0.04","122.5","1.33","1.83","142","181","303","336"
"14","33","short","4.01","11","8.25","6","0.06","104","1.48","2.06","156","180","283","303"
"15","29","short","1.23","14.5","9.67","7","0.05","122.5","1.47","2.07","156","173","306","329"
"16","25","short","1.53","8.33","6.25","5","0.04","137","1.22","2.08","175","196","351","368"
"17","42","short","6.08","10.5","21","6","0.05","127.5","1.86","2.1","129","156","224","248"
"18","34","short","4.46","11.33","17","5","0.05","129.5","1.11","1.89","136","163","273","305"
"19","34","short","4.09","8.5","8.5","5","0.04","120.5","1.21","1.96","139","161","295","316"
"20","30","short","4.83","10","7.5","5","0.06","119.5","1.02","1.88","176","205","359","386"
"21","25","short","4.39","12.5","12.5","6","0.05","140.5","1.04","1.63","121","145","267","295"
"22","30","short","2.98","7.5","10","7","0.05","126","1.15","1.67","120","148","276","301"
"23","48","short","4.47","16","24","5","0.04","128.5","1.15","2","125","169","265","296"
"24","31","short","1.41","10.33","7.75","5","0.04","126","1.03","1.94","180","204","306","336"
"25","31","short","4.37","10.33","15.5","5","0.06","138.5","1.45","1.72","162","184","310","333"
"26","32","short","1.96","10.67","8","6","0.05","131.5","1.32","1.78","145","170","243","267"
"27","29","short","0.53","14.5","9.67","5","0.04","124.5","1.73","2.07","175","194","298","319"
"28","41","short","0.56","13.67","20.5","7","0.04","134.5","1.37","1.86","175","203","350","381"
"29","29","short","1.51","7.25","14.5","6","0.04","114","1.21","1.83","171","197","335","352"
"30","34","short","3.07","11.33","11.33","7","0.04","139","1.26","1.92","165","188","343","366"
"31","37","short","5.97","9.25","9.25","5","0.06","122","1.03","1.84","163","192","284","310"
"32","30","short","5.08","7.5","15","5","0.06","123.5","1.45","1.88","144","164","265","288"
"33","34","short","2.48","17","11.33","5","0.06","148","1.42","1.89","121","143","239","266"
"34","25","short","5.56","8.33","8.33","6","0.06","121.5","1.03","1.48","162","189","279","299"
"35","34","short","0.07","11.33","17","5","0.05","125.5","1.3","1.89","168","198","308","330"
"36","45","short","4.24","11.25","11.25","7","0.04","109.5","1.02","1.52","163","200","325","367"
"37","46","short","0.5","23","15.33","7","0.05","132.5","1.15","1.91","155","183","302","343"
"38","25","short","0.13","8.33","12.5","7","0.05","121.5","1.04","1.87","133","157","275","294"
"39","33","short","1.3","16.5","11","5","0.05","132","1.57","2","149","168","281","305"
"40","47","short","4.34","15.67","15.67","5","0.06","124.5","1.4","1.96","156","186","312","346"
"41","32","short","6.1","10.67","16","6","0.05","118.5","1.05","1.78","164","191","308","340"
"42","41","short","5.89","13.67","20.5","7","0.06","148.5","1.25","1.95","139","179","296","321"
"43","36","short","5.72","18","18","7","0.05","120.5","1","1.63","174","205","343","382"
"44","41","short","1.78","20.5","10.25","5","0.06","122.5","1.08","1.46","125","161","292","340"
"45","29","short","2","7.25","9.67","7","0.04","126","1.38","1.81","136","159","319","340"
"46","42","short","1.53","14","21","6","0.04","129","1.05","1.75","139","177","257","286"
"47","49","short","4.78","24.5","12.25","6","0.05","135","1.44","1.94","164","199","267","303"
"48","29","short","0.21","14.5","7.25","5","0.04","122.5","1.45","1.93","132","150","288","311"
"49","29","short","1.7","9.67","14.5","7","0.04","112.5","1.04","2.07","178","198","265","295"
"50","40","short","2.75","10","10","6","0.06","130.5","1.25","1.82","177","209","379","404"
"51","31","short","1.26","7.75","15.5","6","0.05","135","1.03","1.55","179","209","306","337"
"52","42","short","2.18","14","10.5","5","0.04","126.5","1.17","2.02","127","150","240","276"
"53","30","short","0.73","15","7.5","7","0.04","103","1.45","1.88","153","172","323","348"
"54","31","short","1.22","10.33","10.33","7","0.05","108","1.03","1.94","170","194","307","330"
"55","50","short","0.22","16.67","12.5","6","0.05","110","1.46","1.85","153","188","283","319"
"56","25","short","4.53","6.25","6.25","7","0.05","120","1.56","2.08","170","185","265","283"
"57","42","short","3.22","10.5","10.5","5","0.05","128","1.17","1.53","135","169","262","294"
"58","43","short","0.91","21.5","14.33","5","0.05","111","1.19","1.93","179","205","353","391"
"59","27","short","3.47","6.75","13.5","5","0.05","123.5","1.12","1.69","153","181","307","325"
"60","43","short","2.22","10.75","14.33","7","0.04","110.5","1.19","1.72","138","172","331","362"
"61","36","short","5.92","12","9","5","0.06","123","1.12","1.8","150","178","308","345"
"62","46","short","3.85","23","23","5","0.06","122","1.13","1.92","170","210","280","318"
"63","27","short","1.26","6.75","13.5","7","0.05","130","1.12","1.76","153","175","263","285"
"64","48","short","5.2","16","12","5","0.04","126.5","1.14","1.86","147","175","277","319"
"65","27","short","1.07","9","9","5","0.06","110.5","1.12","1.93","172","191","347","370"
"66","37","short","5.21","18.5","18.5","6","0.04","132.5","1.28","1.96","159","184","302","335"
"67","35","short","2.83","17.5","17.5","5","0.04","131","1.09","1.94","143","174","253","291"
"68","36","short","4.15","12","18","5","0.06","139.5","1.5","1.88","175","201","322","346"
"69","41","short","4.06","10.25","13.67","5","0.06","106","1.14","1.28","129","168","311","346"
"70","27","short","5.98","9","13.5","7","0.04","103.5","1","1.84","152","175","260","281"
"71","39","short","1.33","13","13","7","0.05","144.5","1.12","1.91","144","180","288","311"
"72","37","short","5.16","18.5","9.25","5","0.04","122","1.27","1.86","125","147","254","289"
"73","31","short","3.86","7.75","15.5","7","0.06","125.5","1.8","1.95","154","175","258","276"
"74","26","short","3.02","6.5","6.5","6","0.06","114.5","1.07","1.93","179","194","318","342"
"75","32","short","4.3","10.67","16","5","0.04","104","1.04","1.78","143","168","328","362"
"76","29","short","4.63","7.25","14.5","6","0.05","136.5","1.32","1.83","132","155","268","289"
"77","42","short","4.51","14","21","7","0.05","126.5","1.4","1.75","149","184","316","346"
"78","39","short","5.25","13","9.75","7","0.06","108","1.18","1.74","166","194","347","376"
"79","38","short","2.82","12.67","9.5","5","0.05","140","1.13","1.9","177","211","328","364"
"80","35","short","3.51","11.67","8.75","7","0.04","122","1.17","1.46","146","178","286","318"
"81","27","short","4.32","13.5","13.5","5","0.04","110","1.07","1.46","164","189","312","343"
"82","41","short","3.89","20.5","10.25","6","0.06","129","1.02","2.03","178","215","336","371"
"83","25","short","1.44","12.5","8.33","6","0.05","107","1.08","1.85","137","154","254","279"
"84","43","short","5.49","21.5","14.33","5","0.05","142","1.03","1.34","150","195","343","392"
"85","33","short","0.59","16.5","8.25","5","0.06","145","1.03","2.06","166","197","318","353"
"86","27","short","3.08","9","13.5","6","0.05","136","1.35","1.8","165","187","289","311"
"87","50","short","0.27","16.67","12.5","7","0.06","115.5","1.28","1.79","122","157","283","322"
"88","47","short","0.65","23.5","15.67","5","0.05","125.5","1.01","1.53","179","219","296","351"
"89","29","short","5.71","9.67","7.25","6","0.06","127.5","1.04","1.9","164","188","303","323"
"90","44","short","2.76","22","14.67","6","0.06","126","1.3","1.79","148","180","313","354"
"91","37","short","2.63","9.25","9.25","7","0.05","123.5","1.32","1.85","178","206","320","347"
"92","42","short","4.04","21","10.5","5","0.05","126","1.17","1.86","171","198","321","362"
"93","41","short","2","13.67","10.25","5","0.06","134","1.33","1.96","128","151","282","314"
"94","40","short","3.38","10","13.33","6","0.06","128.5","1.11","1.88","142","172","256","281"
"95","47","short","3.62","23.5","23.5","6","0.04","106","1.12","1.81","149","195","351","384"
"96","25","short","5.78","12.5","6.25","7","0.05","143","1.56","1.7","163","179","330","348"
"97","32","short","3.57","10.67","16","5","0.06","115.5","1.14","1.52","137","168","297","324"
"98","46","short","2.16","23","15.33","6","0.04","121.5","1.24","1.92","125","165","315","353"
"99","40","short","0.71","13.33","13.33","6","0.04","136.5","1.11","1.71","128","155","258","293"
"100","34","short","1.62","11.33","11.33","6","0.05","122","1.26","1.89","126","153","231","257"
"101","33","short","0.28","11","11","7","0.05","138.5","1.44","1.83","128","149","285","311"
"102","47","short","3.1","23.5","23.5","7","0.06","107","1.47","1.96","165","201","329","366"
"103","32","short","0.4","10.67","8","7","0.04","129","1.19","2","173","192","312","336"
"104","37","short","4.85","18.5","12.33","6","0.05","144.5","1.04","2.06","178","214","297","331"
"105","41","short","6.26","13.67","13.67","7","0.04","130.5","1.14","1.71","148","184","291","329"
"106","29","short","5.41","14.5","9.67","5","0.06","115.5","1.21","1.86","125","152","330","351"
"107","40","short","0.09","13.33","13.33","7","0.05","103.5","1.15","1.9","146","182","345","375"
"108","34","short","2.21","11.33","8.5","5","0.06","126.5","1.42","1.86","142","167","322","345"
"109","37","short","3.09","18.5","12.33","7","0.05","125.5","1.32","2.06","175","199","315","346"
"110","44","short","1.37","11","14.67","7","0.06","107.5","1.1","1.83","152","182","273","315"
"111","38","short","4.56","19","9.5","6","0.04","129","1.06","1.44","166","205","292","326"
"112","38","short","5.79","19","19","5","0.05","125","1.36","1.77","174","203","339","370"
"113","45","short","3.99","15","22.5","7","0.04","144","1.11","1.88","129","178","326","357"
"114","42","short","0.92","14","14","5","0.04","112.5","1","1.9","166","200","310","343"
"115","31","short","0.53","15.5","7.75","6","0.04","136","1.55","1.93","159","178","265","286"
"116","47","short","2.11","15.67","23.5","7","0.05","136.5","1.12","1.96","159","205","344","384"
"117","27","short","0.29","13.5","6.75","7","0.05","134.5","1.45","1.69","133","152","264","286"
"118","44","short","3.56","11","11","6","0.04","134","1.38","1.93","150","176","294","323"
"119","32","short","0.74","8","16","6","0.04","124","1","1.8","126","164","287","307"
"120","45","short","0.79","15","22.5","5","0.06","124.5","1.22","1.88","120","158","322","363"
"121","44","short","5.98","22","11","5","0.04","123","1.12","1.57","132","166","270","316"
"122","40","short","5.7","10","20","7","0.06","126.5","1.05","1.67","129","169","313","349"
"123","39","short","2.57","13","13","6","0.05","120","1.08","1.86","124","155","287","314"
"124","25","short","2.57","8.33","8.33","7","0.06","120.5","1.04","1.78","179","195","312","334"
"125","34","short","1.88","11.33","8.5","7","0.05","124.5","1.45","2.12","174","198","340","362"
"126","26","short","2.87","6.5","13","6","0.04","118","1.3","1.94","130","151","301","317"
"127","27","short","1.3","13.5","6.75","6","0.06","107.5","1.18","1.69","169","194","278","300"
"128","28","short","5.95","14","14","7","0.06","119.5","1.08","1.64","123","152","263","287"
"129","45","short","1.98","15","15","7","0.06","111","1.15","1.8","161","195","335","370"
"130","27","short","1.56","9","13.5","6","0.06","122.5","1.11","1.56","121","146","243","272"
"131","50","short","0.79","16.67","12.5","7","0.04","128","1.03","1.67","171","209","333","380"
"132","35","short","5.99","11.67","8.75","6","0.04","128","1.11","1.46","156","190","333","368"
"133","49","short","5.32","16.33","24.5","6","0.05","109","1.09","1.57","136","181","301","340"
"134","36","short","3.94","12","12","6","0.05","122.5","1.5","1.66","123","149","240","266"
"135","25","short","0.22","12.5","12.5","5","0.06","119","1.15","1.56","123","149","269","292"
"136","33","short","2.54","8.25","16.5","7","0.05","136.5","1.21","1.65","159","188","343","371"
"137","26","short","5.74","6.5","13","7","0.06","121.5","1.27","2.17","149","169","333","353"
"138","34","short","0.41","17","8.5","5","0.04","119.5","1.07","1.7","178","203","371","407"
"139","38","short","1.98","19","12.67","5","0.04","121.5","1.25","1.58","179","209","365","403"
"140","33","short","4.82","16.5","16.5","5","0.04","113","1.18","1.64","132","162","285","321"
"141","38","short","0.8","19","12.67","6","0.05","132","1.41","1.73","121","150","281","309"
"142","37","short","4.39","9.25","18.5","5","0.04","125.5","1.49","1.73","149","177","260","287"
"143","48","short","0.05","24","24","6","0.06","117.5","1.24","1.85","121","160","295","338"
"144","31","short","4.44","15.5","15.5","6","0.06","133","1.03","1.55","140","177","261","288"
"145","26","short","3.36","13","13","5","0.05","110.5","1.18","1.84","176","199","287","307"
"146","48","short","4.73","12","12","6","0.04","123","1.09","2","149","192","345","380"
"147","37","short","3.53","12.33","12.33","5","0.04","128","1.03","1.87","175","202","349","376"
"148","45","short","1.88","11.25","15","5","0.05","109.5","1.12","1.88","171","207","329","373"
"149","44","short","1.28","11","14.67","5","0.05","120","1.17","1.57","144","184","306","346"
"150","27","short","2.8","6.75","6.75","5","0.06","130.5","1.4","1.95","137","157","271","287"
"151","37","short","4.89","9.25","12.33","6","0.06","133.5","1.16","1.59","135","162","288","318"
"152","33","short","1.43","11","16.5","7","0.06","127.5","1.08","1.69","132","154","254","292"
"153","27","short","3.12","13.5","6.75","5","0.04","128.5","0.96","1.99","131","154","272","294"
"154","48","short","4.42","12","16","6","0.04","116.5","1.17","1.78","171","213","351","394"
"155","30","short","2.73","10","10","6","0.06","124","1.18","2","170","193","324","349"
"156","40","short","1.66","20","20","7","0.05","129","1.1","1.82","150","194","287","314"
"157","26","short","4.38","6.5","6.5","7","0.04","139.5","1.18","1.87","170","187","335","357"
"158","45","short","6.21","15","11.25","7","0.05","114","1.12","1.5","163","197","334","372"
"159","31","short","3.86","15.5","7.75","6","0.05","119.5","1.03","1.44","131","163","291","316"
"160","33","short","3.48","11","8.25","6","0.04","102","1.1","1.8","158","182","253","277"
"161","35","short","5.69","8.75","17.5","7","0.04","133","1.37","1.88","170","199","338","364"
"162","25","short","0.43","8.33","6.25","7","0.05","107","1.04","1.63","149","171","319","338"
"163","31","short","4.6","10.33","7.75","6","0.04","124","1.02","1.82","129","151","300","331"
"164","42","short","0.22","10.5","10.5","5","0.05","120","1.05","1.91","162","200","323","351"
"165","37","short","2.83","9.25","18.5","5","0.05","109","1.03","1.81","150","177","258","290"
"166","43","short","4.72","10.75","10.75","5","0.05","126.5","1.07","1.89","168","197","314","347"
"167","36","short","5.02","18","18","5","0.06","118.5","1.23","2","130","159","284","318"
"168","35","short","4.09","8.75","8.75","5","0.05","121","1.46","1.75","162","187","325","348"
"169","34","short","5.24","17","11.33","5","0.05","119.5","1.31","1.98","175","203","320","341"
"170","43","short","1.46","14.33","21.5","5","0.06","123","1.02","1.95","146","182","354","382"
"171","34","short","3.93","11.33","11.33","5","0.06","129.5","1.42","2.02","149","171","249","270"
"172","45","short","2.25","15","11.25","5","0.04","135.5","1.39","1.98","128","155","274","309"
"173","27","short","5.9","6.75","6.75","5","0.04","108","1.17","2.25","151","176","253","274"
"174","46","short","3.28","23","11.5","5","0.05","124","1.38","1.92","169","203","336","370"
"175","26","short","5.37","13","13","5","0.05","127.5","1","1.92","157","176","322","347"
"176","34","short","1.96","17","17","6","0.06","133","1.13","1.7","147","184","286","319"
"177","48","short","5.31","16","16","7","0.04","122","1.48","1.8","157","192","319","351"
"178","34","short","1.94","11.33","8.5","7","0.05","104.5","1.06","1.85","130","153","266","290"
"179","49","short","5.15","24.5","24.5","6","0.06","124","1.3","1.96","152","196","271","303"
"180","29","short","5.34","14.5","14.5","5","0.06","116","1.21","1.81","166","193","308","329"
"181","45","short","5.6","11.25","11.25","7","0.05","126","1.09","1.61","120","162","330","369"
"182","34","short","2.81","11.33","11.33","5","0.06","115.5","1","1.89","148","183","289","313"
"183","40","short","0.75","20","13.33","6","0.04","140.5","1.11","1.9","137","177","280","311"
"184","43","short","0.34","14.33","14.33","6","0.06","124","1.19","1.94","160","185","252","285"
"185","48","short","3.89","24","12","6","0.04","129","1","1.99","135","171","249","284"
"186","34","short","3.76","17","17","6","0.04","123","1.06","1.55","135","171","259","288"
"187","44","short","4.68","22","11","6","0.04","124","1","1.83","151","192","297","338"
"188","28","short","1.08","9.33","7","7","0.06","140.5","1.17","1.75","121","145","259","276"
"189","31","short","3.69","10.33","15.5","5","0.05","132","1.19","1.74","170","195","288","313"
"190","50","short","5.8","12.5","25","6","0.04","137","1.1","1.79","150","195","327","365"
"191","26","short","0.58","8.67","8.67","7","0.06","111.5","1.08","1.88","178","195","328","353"
"192","43","short","1.2","14.33","14.33","5","0.04","137.5","1.02","1.59","120","157","264","303"
"193","36","short","0.81","18","9","7","0.04","116.5","1.33","1.8","174","206","329","358"
"194","35","short","4.29","17.5","8.75","6","0.06","117.5","1.25","1.75","148","175","333","360"
"195","50","short","0","12.5","25","6","0.05","131","1.19","1.79","145","177","279","325"
"196","50","short","0.7","25","12.5","5","0.05","108.5","1.14","1.56","135","189","329","364"
"197","43","short","2.94","21.5","10.75","5","0.05","119","1.21","1.91","131","161","270","310"
"198","34","short","1.46","17","17","7","0.04","137.5","1.06","1.7","179","214","358","384"
"199","43","short","4.17","21.5","10.75","5","0.06","105","1.16","1.79","164","204","326","354"
"200","30","short","3.67","15","7.5","6","0.06","117.5","1.25","1.67","180","204","314","337"
"201","43","short","1.05","14.33","10.75","5","0.06","134","1.49","1.59","175","208","324","356"
"202","40","short","2.07","20","13.33","7","0.04","135","1.21","1.7","144","176","270","303"
"203","30","short","2.94","10","10","6","0.04","113.5","1.21","2","143","167","345","365"
"204","31","short","0.37","7.75","7.75","7","0.06","129","0.97","1.29","142","171","313","342"
"205","46","short","0.75","11.5","23","6","0.06","120.5","1.15","1.52","135","169","247","291"
"206","39","short","2.96","13","13","6","0.04","144.5","1.18","1.89","148","177","342","372"
"207","44","short","5.93","11","22","6","0.06","147.5","1","1.83","177","214","324","371"
"208","37","short","2.99","18.5","12.33","5","0.04","130","1.33","1.9","178","209","300","322"
"209","26","short","2.87","8.67","6.5","7","0.04","145.5","1.08","1.91","121","139","254","274"
"210","44","short","5.25","11","22","5","0.05","125.5","1.16","1.89","171","209","288","325"
"211","27","short","0.16","9","13.5","7","0.06","127.5","1.23","1.81","158","175","299","323"
"212","38","short","5.31","9.5","9.5","5","0.06","111","1.14","1.9","153","179","294","326"
"213","48","short","2.2","24","24","7","0.06","141","1.09","1.97","179","214","320","361"
"214","35","short","5.85","17.5","17.5","5","0.06","136.5","1.15","1.75","123","157","305","338"
"215","40","short","2.19","13.33","10","5","0.04","125.5","1","1.9","157","184","338","371"
"216","35","short","5.38","11.67","11.67","5","0.04","120","1.01","1.94","151","184","287","312"
"217","38","short","0.92","19","19","7","0.05","121.5","1.12","1.54","168","205","362","395"
"218","44","short","4.55","11","22","7","0.04","124","1","1.89","129","172","329","362"
"219","25","short","2.34","6.25","6.25","6","0.06","118.5","1.25","2.08","177","198","345","361"
"220","49","short","5.55","12.25","16.33","6","0.05","117.5","1.17","1.75","159","192","279","324"
"221","26","short","0.03","13","6.5","7","0.06","140.5","1.18","1.83","152","177","274","290"
"222","39","short","0","19.5","9.75","5","0.05","113.5","1.06","1.62","132","169","296","332"
"223","33","short","2.05","11","11","6","0.05","101.5","1.08","1.83","125","157","228","259"
"224","50","short","3.69","25","25","6","0.05","104.5","1.32","1.56","176","225","310","353"
"225","48","short","1.14","16","24","7","0.04","120","1.71","2","172","201","312","349"
"226","46","short","4.16","11.5","23","5","0.05","115","1.09","1.77","133","168","272","320"
"227","35","short","0.33","11.67","8.75","6","0.06","144.5","1.09","1.48","154","184","298","332"
"228","44","short","5.01","11","14.67","6","0.06","134","1.13","1.93","152","183","272","303"
"229","37","short","3.63","18.5","9.25","6","0.06","120.5","0.99","2.06","120","142","296","333"
"230","35","short","3.39","8.75","11.67","6","0.06","121.5","1.17","1.68","121","146","230","258"
"231","31","short","2.19","10.33","10.33","5","0.06","138","1.15","1.72","175","204","322","344"
"232","40","short","5.86","13.33","20","5","0.06","123.5","1.11","1.9","165","203","321","359"
"233","46","short","4.83","15.33","23","7","0.05","118.5","1.1","1.76","153","187","285","331"
"234","25","short","4.91","12.5","8.33","7","0.05","122.5","1.01","1.56","169","198","319","340"
"235","46","short","4.98","23","23","7","0.05","127.5","1.05","1.44","138","183","329","375"
"236","31","short","4.54","15.5","10.33","7","0.05","130","1.19","1.82","178","211","356","378"
"237","45","short","3.5","22.5","22.5","7","0.04","122","1.18","1.79","141","182","297","334"
"238","37","short","4.18","9.25","12.33","7","0.06","133","1.16","1.76","178","210","305","340"
"239","32","short","5.12","16","16","6","0.06","119","1.07","1.78","155","182","313","350"
"240","40","short","3.7","13.33","20","5","0.04","120.5","1.45","1.9","153","178","318","351"
"241","31","short","2.08","15.5","7.75","7","0.05","126.5","1.42","1.72","164","191","277","299"
"242","40","short","0.04","10","10","5","0.06","132.5","1.58","2","171","194","285","313"
"243","31","short","1.57","7.75","10.33","6","0.05","136","1.11","1.48","122","152","271","296"
"244","36","short","5.69","18","18","6","0.04","130.5","1.38","1.73","146","175","294","325"
"245","42","short","3.05","21","10.5","7","0.05","120.5","1.17","1.76","151","185","350","379"
"246","43","short","3.76","21.5","21.5","7","0.04","133","1.02","1.8","142","181","285","317"
"247","27","short","5.75","9","6.75","7","0.04","131.5","1.29","1.69","154","178","277","295"
"248","37","short","1.63","9.25","9.25","6","0.05","126.5","1.17","1.54","149","182","262","291"
"249","33","short","3.14","8.25","8.25","7","0.06","128.5","1.47","2.06","122","142","259","283"
"250","42","short","4.9","14","14","5","0.05","140.5","1.08","1.49","178","213","375","416"
"251","47","short","2.01","15.67","11.75","6","0.05","125.5","1.3","1.98","167","197","304","341"
"252","34","short","4.47","17","8.5","7","0.06","131.5","1.13","1.7","134","164","285","311"
"253","27","short","0.86","9","6.75","6","0.06","141","1.03","1.51","160","188","287","308"
"254","37","short","0.35","18.5","9.25","6","0.05","114","1.27","2.01","179","205","367","397"
"255","48","short","3.58","12","16","6","0.06","108.5","1.09","1.97","169","215","334","363"
"256","26","short","2.42","6.5","13","5","0.04","127.5","1.3","1.73","126","144","307","328"
"257","50","short","5.28","16.67","12.5","7","0.05","123","1.4","2.08","160","200","352","387"
"258","33","short","5.85","11","16.5","6","0.05","128","1.65","1.93","176","196","282","306"
"259","34","short","5.17","17","8.5","5","0.04","106.5","1.42","1.95","174","200","279","300"
"260","36","short","3.93","18","18","7","0.04","127.5","1.09","1.31","168","204","292","330"
"261","43","short","3.61","10.75","10.75","7","0.04","111","1.07","1.73","180","211","347","376"
"262","38","short","5.38","19","19","7","0.04","125.5","1.36","1.93","180","211","331","361"
"263","25","short","0.71","6.25","12.5","5","0.06","127","1.13","1.6","135","158","276","297"
"264","34","short","2.86","8.5","8.5","5","0.06","124.5","1.42","2.01","169","189","334","354"
"265","49","short","1.06","24.5","12.25","6","0.05","109.5","1.17","1.61","180","225","363","400"
"266","32","short","0.57","8","8","7","0.05","137","1.33","1.95","151","171","294","314"
"267","48","short","3.51","12","12","6","0.05","126.5","1.2","1.71","133","173","296","335"
"268","25","short","3.52","12.5","6.25","6","0.04","128","1.25","2.03","144","160","263","280"
"269","45","short","6.25","11.25","22.5","6","0.05","105.5","1.12","1.79","150","186","321","360"
"270","37","short","2.46","12.33","12.33","7","0.06","141","1.03","1.23","159","200","295","330"
"271","39","short","2.39","9.75","9.75","6","0.05","135.5","1.32","1.95","167","197","325","355"
"272","38","short","1.9","9.5","9.5","5","0.06","122","1","1.85","175","214","343","366"
"273","37","short","2.78","9.25","18.5","5","0.04","126.5","1.16","1.85","164","194","312","345"
"274","26","short","0.23","6.5","6.5","5","0.05","133.5","1.08","1.57","166","192","316","335"
"275","26","short","2.54","13","13","6","0.06","130","1.09","1.83","126","155","245","265"
"276","28","short","5.32","9.33","7","7","0.05","103","1.17","1.95","121","141","213","233"
"277","29","short","3.3","7.25","9.67","5","0.05","115","1.07","1.51","147","174","281","305"
"278","50","short","0.44","25","25","6","0.06","137.5","1.06","1.91","127","184","294","329"
"279","27","short","0.92","6.75","9","5","0.04","123.5","1.12","1.69","140","158","304","328"
"280","47","short","3.24","23.5","11.75","6","0.05","102.5","1.11","1.94","121","154","252","297"
"281","46","short","1.07","11.5","15.33","5","0.06","118.5","1","1.43","139","179","274","327"
"282","32","short","5.98","10.67","10.67","6","0.05","109","1.45","2.02","162","185","293","311"
"283","39","short","0.67","9.75","19.5","7","0.06","123","1.2","1.95","146","168","260","294"
"284","41","short","4.95","10.25","13.67","5","0.04","104.5","1.43","2.05","156","186","291","316"
"285","38","short","1.28","19","19","5","0.06","129","1.23","1.9","124","163","283","318"
"286","43","short","3.34","14.33","21.5","7","0.05","112.5","1.59","1.97","153","183","307","335"
"287","29","short","5.08","9.67","14.5","5","0.05","129.5","1.38","1.92","144","163","249","272"
"288","29","short","4.55","9.67","7.25","6","0.04","137","1.05","1.93","162","189","313","332"
"289","46","short","2.41","15.33","23","6","0.04","123","1.53","1.92","157","189","293","331"
"290","28","short","5.87","9.33","9.33","7","0.04","135","1.33","1.86","145","167","314","333"
"291","41","short","4.87","13.67","20.5","5","0.06","123","1.57","1.79","180","208","338","366"
"292","26","short","1.6","6.5","8.67","6","0.04","126.5","1.29","1.73","176","198","333","353"
"293","45","short","0.52","15","15","7","0.04","132.5","1.15","1.91","133","177","325","353"
"294","38","short","2.34","9.5","12.67","6","0.05","114","1.32","1.9","123","147","270","302"
"295","35","short","2.9","8.75","17.5","5","0.04","126.5","1.75","1.99","127","147","222","244"
"296","48","short","3.19","12","24","6","0.04","131","1.71","1.87","136","166","256","291"
"297","26","short","2.75","13","8.67","7","0.06","117.5","1.04","1.23","120","146","226","255"
"298","25","short","3.74","6.25","6.25","7","0.05","106.5","1.02","1.87","178","196","337","363"
"299","48","short","4.44","24","24","5","0.05","114.5","1.19","1.71","178","212","351","399"
"300","38","short","4.8","19","12.67","5","0.06","117.5","1.66","1.93","124","150","265","290"
"301","95","medium","0.01","31.67","47.5","7","0.05","129.5","1.53","1.82","137","209","302","363"
"302","72","medium","4.18","18","24","5","0.04","136","1.64","1.8","166","214","337","382"
"303","72","medium","5.24","36","36","5","0.04","104","1.61","1.89","149","202","324","379"
"304","90","medium","4.29","45","30","7","0.06","136.5","1.53","2","138","202","330","400"
"305","77","medium","6.1","25.67","19.25","6","0.05","120.5","1.48","1.97","129","177","337","386"
"306","86","medium","2.29","43","21.5","6","0.04","140.5","1.54","1.85","136","190","254","317"
"307","71","medium","3.37","35.5","23.67","7","0.04","113.5","1.69","1.86","168","211","325","380"
"308","82","medium","0.85","27.33","27.33","6","0.04","121.5","1.52","1.77","122","179","281","334"
"309","85","medium","0.39","42.5","42.5","6","0.04","100.5","1.65","1.93","176","242","352","411"
"310","78","medium","5.3","19.5","19.5","7","0.05","126","1.77","1.96","123","170","274","318"
"311","88","medium","5.19","22","44","5","0.06","143","1.57","1.91","180","237","350","411"
"312","79","medium","4.15","19.75","26.33","7","0.04","131.5","1.54","1.76","177","234","374","430"
"313","89","medium","4.77","22.25","22.25","6","0.04","103.5","1.71","1.94","125","181","288","339"
"314","83","medium","1.71","27.67","20.75","5","0.05","130","1.73","1.85","148","202","315","369"
"315","90","medium","5.05","45","22.5","5","0.06","120.5","1.57","1.88","126","188","316","386"
"316","81","medium","4.62","40.5","20.25","7","0.05","126.5","1.69","1.96","180","228","303","356"
"317","89","medium","0.97","29.67","29.67","5","0.06","125","1.79","1.98","145","202","318","372"
"318","80","medium","4.54","20","26.67","6","0.06","149","1.56","2","134","186","311","365"
"319","93","medium","6.28","23.25","23.25","5","0.05","109","1.57","1.94","154","217","317","375"
"320","81","medium","4.55","40.5","27","7","0.06","130.5","1.59","1.97","129","178","328","386"
"321","91","medium","5.89","30.33","45.5","7","0.06","132","1.62","1.82","150","215","329","388"
"322","74","medium","1.89","37","18.5","5","0.06","128","1.69","1.93","154","200","308","361"
"323","73","medium","5.72","24.33","18.25","7","0.05","140","1.62","1.89","140","188","295","342"
"324","71","medium","2.66","35.5","23.67","5","0.05","124.5","1.64","1.93","153","197","344","402"
"325","90","medium","1.12","22.5","22.5","5","0.05","123.5","1.73","1.88","167","222","367","421"
"326","74","medium","4.4","37","18.5","5","0.06","122.5","1.54","1.95","121","173","300","357"
"327","94","medium","1.34","31.33","31.33","5","0.04","117","1.49","1.87","124","189","280","336"
"328","75","medium","4.9","18.75","25","5","0.06","126.5","1.79","1.98","173","223","344","386"
"329","84","medium","3.35","42","42","7","0.06","118","1.56","1.91","180","243","320","384"
"330","81","medium","4.07","40.5","40.5","5","0.05","132","1.56","1.87","180","237","346","407"
"331","95","medium","5.85","31.67","23.75","6","0.06","145","1.5","1.86","149","215","290","361"
"332","88","medium","1.36","22","44","7","0.04","133.5","1.57","2","150","212","369","425"
"333","83","medium","0.53","27.67","20.75","7","0.06","137","1.86","1.98","130","176","302","350"
"334","91","medium","3.41","30.33","22.75","7","0.05","105.5","1.6","1.9","176","234","369","428"
"335","85","medium","2.53","21.25","42.5","6","0.04","134.5","1.52","2.02","132","188","298","358"
"336","91","medium","5.71","30.33","45.5","7","0.06","129.5","1.57","2.02","132","203","366","419"
"337","74","medium","1.2","18.5","24.67","6","0.04","142.5","1.54","1.96","134","189","320","363"
"338","77","medium","3.34","25.67","25.67","7","0.06","124","1.51","1.75","176","234","363","418"
"339","83","medium","0.9","27.67","20.75","5","0.05","124.5","1.71","2.08","160","213","376","429"
"340","73","medium","0.43","24.33","36.5","7","0.04","138.5","1.53","1.87","122","175","284","331"
"341","78","medium","5.65","39","26","7","0.06","141","1.73","1.98","158","209","335","387"
"342","95","medium","6.23","47.5","31.67","7","0.06","111.5","1.56","1.95","122","179","278","356"
"343","82","medium","2.93","27.33","20.5","6","0.06","124","1.58","1.71","172","228","356","413"
"344","72","medium","5.95","24","36","7","0.05","116","1.52","1.89","156","207","310","361"
"345","92","medium","2.45","46","23","6","0.06","123.5","1.64","2","138","193","354","409"
"346","71","medium","0.61","35.5","17.75","5","0.05","124.5","1.67","1.97","145","187","325","378"
"347","93","medium","1.17","23.25","46.5","7","0.05","111.5","1.55","1.84","176","236","324","392"
"348","80","medium","5.83","40","26.67","5","0.04","123.5","1.55","1.82","171","224","355","414"
"349","93","medium","1.52","46.5","46.5","7","0.04","119.5","1.59","1.86","156","223","301","375"
"350","78","medium","1.03","26","26","7","0.06","125","1.56","1.73","126","184","276","331"
"351","85","medium","0.18","42.5","28.33","5","0.06","131","1.7","1.91","127","177","305","362"
"352","94","medium","4.94","31.33","31.33","6","0.05","119","1.57","1.98","156","213","344","402"
"353","71","medium","0.92","17.75","23.67","6","0.06","110.5","1.61","1.87","134","176","319","365"
"354","91","medium","4.78","22.75","45.5","5","0.06","129.5","1.57","1.92","133","201","339","392"
"355","74","medium","0.13","24.67","37","6","0.06","101","1.54","2.06","157","209","307","360"
"356","79","medium","0.38","26.33","26.33","5","0.05","117.5","1.46","2","131","184","293","340"
"357","92","medium","0.35","30.67","23","7","0.06","124.5","1.61","1.81","132","192","353","412"
"358","93","medium","2.48","46.5","46.5","5","0.05","129.5","1.57","1.85","180","243","338","414"
"359","78","medium","5.23","26","19.5","5","0.06","113.5","1.71","2","131","175","318","369"
"360","95","medium","3.63","47.5","31.67","6","0.04","115","1.62","1.98","144","208","283","352"
"361","73","medium","2.66","24.33","36.5","7","0.05","102.5","1.74","1.87","125","178","316","362"
"362","89","medium","5.65","22.25","44.5","5","0.05","122.5","1.54","1.85","153","228","292","347"
"363","78","medium","4.23","19.5","26","5","0.06","128","1.56","1.95","154","208","321","369"
"364","73","medium","0.02","24.33","18.25","7","0.04","126.5","1.5","1.82","126","176","288","342"
"365","76","medium","0.59","25.33","19","6","0.05","123","1.75","1.95","164","213","339","382"
"366","74","medium","3.87","18.5","18.5","5","0.04","128","1.7","1.85","124","170","299","347"
"367","89","medium","6.05","22.25","44.5","6","0.04","145.5","1.53","1.86","124","192","338","398"
"368","70","medium","3.33","17.5","17.5","6","0.04","138","1.57","1.83","127","178","292","335"
"369","93","medium","0.38","31","46.5","7","0.05","125","1.58","1.82","157","232","353","417"
"370","85","medium","0.33","21.25","21.25","6","0.06","127.5","1.77","1.93","120","171","288","339"
"371","71","medium","1.59","23.67","23.67","6","0.05","106.5","1.48","1.82","175","229","347","399"
"372","90","medium","1.98","30","45","5","0.04","119.5","1.65","2","158","227","355","413"
"373","93","medium","3.46","23.25","46.5","6","0.06","137.5","1.55","1.86","174","240","378","440"
"374","75","medium","6.26","25","37.5","5","0.04","119.5","1.62","1.97","124","173","301","349"
"375","88","medium","5.8","29.33","22","6","0.06","133.5","1.62","1.83","175","232","381","440"
"376","73","medium","0.02","24.33","24.33","5","0.06","127","1.62","2.03","154","196","304","355"
"377","91","medium","5.37","30.33","45.5","5","0.04","125","1.49","1.91","176","244","364","420"
"378","91","medium","5.91","22.75","22.75","6","0.06","123.5","1.55","1.96","136","196","297","349"
"379","78","medium","3.02","26","39","7","0.06","119.5","1.56","1.92","147","205","336","384"
"380","89","medium","1.79","44.5","44.5","5","0.04","112","1.65","1.92","123","182","307","368"
"381","78","medium","1.43","19.5","26","7","0.06","141","1.5","1.86","168","214","355","404"
"382","80","medium","4.34","40","40","7","0.05","141.5","1.53","1.9","170","237","411","472"
"383","86","medium","4.1","43","43","5","0.04","114.5","1.59","1.95","155","222","355","415"
"384","84","medium","4.19","21","21","5","0.06","146","1.49","1.91","174","234","336","385"
"385","75","medium","2.72","25","18.75","5","0.04","121","1.5","1.79","160","213","329","377"
"386","84","medium","5.38","42","42","6","0.04","143.5","1.57","1.82","120","190","310","370"
"387","92","medium","3.47","30.67","46","6","0.04","144.5","1.61","1.9","149","209","345","404"
"388","85","medium","0.87","28.33","42.5","6","0.06","141.5","1.49","1.78","177","240","365","421"
"389","83","medium","1.59","20.75","41.5","7","0.04","111","1.54","1.92","173","240","370","419"
"390","72","medium","5.63","18","36","7","0.04","121","1.64","1.81","140","193","296","340"
"391","73","medium","2.64","24.33","36.5","7","0.05","120","1.54","1.98","158","215","372","413"
"392","70","medium","2.48","23.33","35","5","0.05","135.5","1.59","1.92","174","225","384","430"
"393","75","medium","3.15","18.75","37.5","6","0.06","127.5","1.53","1.87","131","185","284","338"
"394","85","medium","2.49","28.33","28.33","7","0.04","127","1.67","1.87","160","215","327","384"
"395","90","medium","0.32","22.5","22.5","5","0.04","134","1.73","2.05","155","206","339","391"
"396","78","medium","4.71","39","26","5","0.06","131.5","1.5","1.86","131","183","292","359"
"397","85","medium","5.17","21.25","42.5","7","0.06","116.5","1.7","1.88","157","219","329","380"
"398","94","medium","5.97","23.5","23.5","5","0.06","141","1.57","1.96","154","212","298","354"
"399","89","medium","0.29","29.67","29.67","7","0.06","144.5","1.75","1.98","128","185","299","353"
"400","74","medium","1.16","24.67","18.5","6","0.06","143.5","1.76","1.89","155","200","325","371"
"401","92","medium","5.06","23","30.67","6","0.04","136.5","1.53","1.92","126","198","295","356"
"402","78","medium","4.25","26","39","7","0.04","121.5","1.62","2","142","196","280","335"
"403","91","medium","1.91","22.75","30.33","7","0.05","107.5","1.6","1.82","132","192","285","340"
"404","80","medium","3.48","26.67","26.67","5","0.06","118","1.67","1.99","120","166","305","355"
"405","94","medium","1.03","47","47","5","0.04","122","1.51","1.96","129","200","354","430"
"406","76","medium","5.13","38","25.33","5","0.06","118","1.59","2","122","177","277","331"
"407","72","medium","5.47","24","36","5","0.05","114","1.54","1.85","131","192","309","356"
"408","95","medium","0.53","23.75","47.5","7","0.04","104","1.55","1.98","148","222","360","422"
"409","76","medium","0.8","19","25.33","6","0.05","136","1.49","1.9","149","204","295","345"
"410","91","medium","1.62","45.5","22.75","7","0.06","111.5","1.54","1.98","153","214","335","390"
"411","75","medium","3.18","37.5","18.75","5","0.06","116","1.5","1.91","176","219","336","393"
"412","74","medium","4.18","37","18.5","6","0.04","129.5","1.61","2.06","130","177","330","380"
"413","77","medium","3.29","38.5","19.25","6","0.06","124.5","1.6","1.86","133","179","313","374"
"414","88","medium","3.85","44","29.33","6","0.06","111.5","1.54","1.86","166","225","394","457"
"415","71","medium","4.03","17.75","23.67","7","0.04","116","1.57","1.92","158","211","318","361"
"416","90","medium","3.82","30","22.5","7","0.05","114.5","1.49","1.88","175","236","385","453"
"417","81","medium","1.07","27","40.5","5","0.05","107.5","1.5","1.93","136","200","290","346"
"418","76","medium","0.07","25.33","25.33","6","0.06","125","1.49","1.95","161","217","325","384"
"419","78","medium","2.09","26","26","5","0.04","130.5","1.51","2","154","206","345","404"
"420","74","medium","6.1","37","24.67","5","0.04","102.5","1.64","1.95","160","212","330","384"
"421","70","medium","4.5","35","23.33","6","0.06","114.5","1.67","1.94","135","179","288","338"
"422","88","medium","5.66","29.33","29.33","6","0.05","119","1.73","1.96","154","208","369","420"
"423","75","medium","3.75","25","18.75","5","0.04","135","1.56","1.92","121","167","274","323"
"424","80","medium","2.52","40","20","7","0.04","136","1.49","2","132","192","278","338"
"425","94","medium","5.7","31.33","47","6","0.06","135","1.54","1.93","168","235","358","425"
"426","73","medium","0.99","18.25","18.25","6","0.06","132.5","1.62","2.03","160","207","340","383"
"427","71","medium","3.46","35.5","23.67","6","0.04","129","1.62","1.97","148","195","353","403"
"428","93","medium","1.46","31","31","5","0.06","111.5","1.64","1.82","151","219","306","365"
"429","72","medium","0.41","24","24","5","0.05","126.5","1.62","2","121","167","282","327"
"430","75","medium","4.44","18.75","37.5","6","0.04","143","1.63","1.8","158","217","336","387"
"431","88","medium","5.08","29.33","22","7","0.05","132.5","1.57","1.91","147","205","298","355"
"432","72","medium","0.26","18","18","5","0.05","131.5","1.63","1.8","138","187","280","328"
"433","91","medium","0.96","45.5","45.5","6","0.04","116.5","1.75","1.94","155","214","308","373"
"434","93","medium","3.17","46.5","46.5","6","0.04","117","1.79","1.98","148","206","287","350"
"435","81","medium","3.24","40.5","20.25","7","0.04","121","1.64","2.02","142","188","366","430"
"436","72","medium","1.6","36","18","5","0.04","116","1.58","2","120","164","269","328"
"437","79","medium","4.23","39.5","19.75","6","0.06","131.5","1.58","1.8","136","192","278","337"
"438","79","medium","1.06","19.75","19.75","6","0.04","105","1.78","1.98","152","198","326","375"
"439","94","medium","5.34","47","23.5","7","0.06","135.5","1.57","1.88","134","190","331","407"
"440","70","medium","4.42","23.33","35","7","0.04","115.5","1.56","1.95","127","177","285","330"
"441","84","medium","0.15","21","21","5","0.04","138.5","1.51","1.91","151","214","340","387"
"442","93","medium","4.93","31","46.5","6","0.04","127","1.5","1.98","157","230","347","405"
"443","88","medium","4.83","44","44","6","0.05","132","1.63","1.84","138","199","357","426"
"444","75","medium","1.16","37.5","18.75","7","0.06","117","1.57","1.97","162","211","357","407"
"445","79","medium","0.42","19.75","39.5","6","0.04","112","1.55","1.72","179","237","389","446"
"446","70","medium","3.49","23.33","17.5","5","0.06","105","1.69","1.94","148","194","266","310"
"447","84","medium","4.41","28","21","7","0.06","138","1.56","1.85","120","178","291","344"
"448","78","medium","2.64","19.5","26","7","0.04","114","1.71","1.95","171","218","328","377"
"449","92","medium","3.98","23","23","7","0.04","125","1.61","1.92","143","198","330","390"
"450","73","medium","4.32","24.33","18.25","7","0.05","127","1.73","2.03","152","198","333","377"
"451","82","medium","4.81","27.33","20.5","7","0.06","123.5","1.71","2","124","170","331","380"
"452","70","medium","5.47","35","35","7","0.05","125","1.52","1.88","123","185","304","351"
"453","88","medium","0.65","22","29.33","5","0.04","125.5","1.52","1.83","134","198","342","405"
"454","93","medium","0.84","31","46.5","6","0.06","127.5","1.55","1.86","149","213","353","421"
"455","89","medium","4.12","22.25","44.5","7","0.04","122.5","1.64","2.02","121","180","269","324"
"456","82","medium","1.32","20.5","20.5","6","0.04","119.5","1.8","1.94","142","190","266","317"
"457","93","medium","1.13","31","46.5","6","0.05","132.5","1.63","1.97","160","219","334","400"
"458","77","medium","2.4","25.67","19.25","7","0.05","111.5","1.51","1.93","126","178","338","388"
"459","95","medium","3.52","31.67","47.5","5","0.04","137.5","1.64","1.98","179","243","367","430"
"460","75","medium","2.39","37.5","25","5","0.06","130.5","1.58","1.88","152","213","319","366"
"461","88","medium","2.77","29.33","29.33","6","0.06","138.5","1.54","1.84","154","216","356","409"
"462","86","medium","0.7","43","28.67","7","0.04","129","1.61","1.96","135","203","329","378"
"463","73","medium","4.6","36.5","24.33","5","0.04","135.5","1.62","1.84","178","232","339","387"
"464","90","medium","0.25","22.5","22.5","7","0.04","129","1.73","1.88","154","209","365","418"
"465","71","medium","4.93","17.75","35.5","5","0.05","113.5","1.54","1.77","172","219","382","436"
"466","92","medium","6.12","46","30.67","5","0.04","134","1.7","1.89","153","218","331","388"
"467","73","medium","1.12","24.33","36.5","5","0.05","120.5","1.5","1.98","124","167","322","382"
"468","89","medium","2.6","22.25","22.25","7","0.04","117.5","1.48","1.71","129","188","294","352"
"469","86","medium","5.75","28.67","43","5","0.04","127.5","1.66","1.79","180","233","364","433"
"470","85","medium","3.76","42.5","28.33","6","0.04","115","1.7","1.97","127","187","335","385"
"471","72","medium","0.79","18","24","7","0.05","137.5","1.7","2","134","175","288","333"
"472","89","medium","4.55","22.25","44.5","6","0.06","144.5","1.65","1.96","173","222","354","415"
"473","76","medium","2.36","25.33","25.33","6","0.04","131","1.49","2.01","166","221","315","358"
"474","91","medium","4.31","22.75","30.33","6","0.06","117.5","1.6","1.81","165","219","325","387"
"475","83","medium","3.38","27.67","41.5","6","0.06","131","1.54","1.78","140","195","357","419"
"476","76","medium","4.17","19","19","5","0.05","132","1.58","1.9","136","181","335","381"
"477","85","medium","5.5","28.33","42.5","5","0.04","143","1.49","1.96","162","216","376","433"
"478","73","medium","0.87","24.33","36.5","7","0.04","119.5","1.62","1.93","141","189","320","368"
"479","70","medium","1.61","17.5","23.33","5","0.06","121","1.55","1.94","165","205","291","339"
"480","85","medium","2.43","28.33","21.25","5","0.06","146","1.53","2.02","128","190","279","330"
"481","71","medium","5.27","17.75","23.67","6","0.05","144","1.58","1.77","134","181","286","337"
"482","74","medium","4.44","18.5","18.5","6","0.05","131.5","1.64","1.88","161","211","358","401"
"483","77","medium","0.33","25.67","38.5","6","0.05","137.5","1.48","1.97","172","223","330","386"
"484","79","medium","4.72","39.5","19.75","7","0.04","131.5","1.6","1.8","164","224","354","408"
"485","71","medium","3.08","23.67","23.67","5","0.06","127","1.55","1.82","144","194","333","383"
"486","92","medium","0.66","46","23","6","0.06","125.5","1.64","1.92","126","190","322","378"
"487","85","medium","4.85","28.33","28.33","5","0.05","125","1.67","1.99","142","191","337","397"
"488","83","medium","5.66","20.75","20.75","7","0.04","134","1.73","1.95","147","194","299","349"
"489","86","medium","4.31","43","43","6","0.06","120.5","1.55","1.7","125","191","294","368"
"490","91","medium","2.74","30.33","45.5","6","0.06","132","1.51","1.92","168","223","363","429"
"491","71","medium","5.09","35.5","23.67","7","0.06","126.5","1.67","1.82","131","186","304","351"
"492","93","medium","4.1","23.25","46.5","5","0.04","123","1.55","1.86","164","220","352","427"
"493","70","medium","1.58","17.5","23.33","7","0.04","127.5","1.56","1.88","164","210","302","346"
"494","70","medium","0.88","23.33","17.5","5","0.05","127","1.59","1.94","127","174","308","353"
"495","73","medium","1.96","36.5","24.33","7","0.04","122.5","1.62","1.78","141","194","300","348"
"496","82","medium","4.34","41","41","6","0.04","137","1.52","1.95","175","243","385","438"
"497","72","medium","1.81","24","24","7","0.06","127.5","1.59","1.89","164","218","338","384"
"498","89","medium","0.02","29.67","22.25","7","0.05","119","1.56","1.74","152","212","345","403"
"499","85","medium","2.77","21.25","21.25","6","0.05","128.5","1.54","1.71","160","218","358","412"
"500","76","medium","4.56","19","19","6","0.05","129","1.6","1.9","157","209","311","361"
"501","93","medium","1.86","31","31","5","0.05","125.5","1.55","1.81","168","232","330","391"
"502","75","medium","5.54","25","18.75","6","0.05","129.5","1.47","1.79","148","201","309","358"
"503","75","medium","1.03","18.75","37.5","5","0.06","140.5","1.61","1.97","176","222","372","424"
"504","76","medium","5.06","19","19","6","0.06","138","1.58","1.9","140","187","314","367"
"505","86","medium","3.17","21.5","21.5","7","0.05","123","1.76","1.94","168","221","319","370"
"506","85","medium","4.8","28.33","42.5","6","0.06","120.5","1.67","2.02","162","219","334","397"
"507","95","medium","5.1","47.5","47.5","6","0.06","140","1.56","1.98","124","203","318","385"
"508","78","medium","5.82","19.5","26","6","0.06","138.5","1.5","1.73","124","177","300","355"
"509","92","medium","3.48","46","23","5","0.06","124.5","1.64","1.7","158","229","320","379"
"510","76","medium","2.78","38","25.33","7","0.04","131","1.51","1.73","179","241","410","464"
"511","74","medium","4.33","37","24.67","6","0.06","130","1.57","1.9","142","202","283","335"
"512","75","medium","0.84","37.5","18.75","6","0.06","122.5","1.63","1.93","168","218","319","367"
"513","92","medium","4.16","30.67","30.67","7","0.05","123.5","1.66","1.92","123","182","279","339"
"514","75","medium","4.28","25","18.75","7","0.05","138","1.71","1.88","127","179","296","345"
"515","89","medium","1.46","22.25","22.25","7","0.04","121.5","1.54","1.92","133","186","306","365"
"516","81","medium","3.24","27","40.5","6","0.06","133","1.8","1.89","164","213","340","391"
"517","88","medium","0.88","29.33","44","7","0.04","136.5","1.57","1.9","148","206","340","408"
"518","91","medium","1.69","30.33","22.75","6","0.06","140.5","1.86","1.92","144","196","311","366"
"519","79","medium","5.67","19.75","19.75","5","0.06","141","1.65","1.98","161","206","306","353"
"520","88","medium","0.62","29.33","44","5","0.04","110","1.54","1.91","125","183","264","330"
"521","77","medium","4.13","25.67","25.67","5","0.04","117","1.51","1.71","132","187","348","402"
"522","91","medium","4.1","22.75","30.33","6","0.04","130.5","1.6","1.94","125","184","284","340"
"523","80","medium","6.06","40","40","6","0.04","133.5","1.48","1.98","174","242","361","416"
"524","93","medium","3.44","46.5","46.5","5","0.05","142","1.59","1.86","154","214","359","427"
"525","91","medium","0.9","22.75","22.75","5","0.05","134","1.58","1.75","135","195","327","391"
"526","80","medium","1.14","40","20","7","0.06","128.5","1.67","1.82","154","215","295","348"
"527","79","medium","2.96","39.5","39.5","7","0.04","140","1.53","1.98","171","224","338","405"
"528","88","medium","5.01","22","44","5","0.04","133.5","1.69","1.83","146","201","356","417"
"529","83","medium","4.52","20.75","41.5","6","0.06","127","1.8","1.96","128","177","341","398"
"530","79","medium","5.53","39.5","26.33","6","0.04","112","1.52","1.84","134","198","328","381"
"531","77","medium","3.48","25.67","25.67","5","0.05","121","1.72","1.97","165","215","311","357"
"532","71","medium","2.85","17.75","35.5","6","0.04","114","1.55","1.97","130","174","299","356"
"533","90","medium","4.62","22.5","30","7","0.06","117.5","1.5","1.95","133","186","304","360"
"534","75","medium","1.06","37.5","37.5","7","0.04","138.5","1.63","1.79","138","197","278","337"
"535","80","medium","1.75","40","26.67","7","0.06","128.5","1.64","1.9","121","180","260","316"
"536","94","medium","2.3","47","23.5","7","0.05","146.5","1.57","1.76","131","203","351","410"
"537","73","medium","5","18.25","36.5","7","0.05","125.5","1.66","1.82","152","199","312","361"
"538","74","medium","3.97","37","18.5","6","0.05","113.5","1.54","1.95","122","171","310","356"
"539","70","medium","5.59","23.33","17.5","7","0.04","104","1.56","2","133","180","291","330"
"540","84","medium","4.83","28","28","7","0.05","136","1.56","2","136","187","335","388"
"541","85","medium","4.69","21.25","42.5","6","0.05","109","1.57","1.97","151","203","300","356"
"542","87","medium","0.04","29","29","6","0.05","104.5","1.6","1.93","145","198","327","387"
"543","76","medium","5.11","19","25.33","6","0.04","119","1.73","1.93","142","188","282","329"
"544","73","medium","3.25","18.25","24.33","5","0.05","121","1.62","2.03","172","222","347","395"
"545","81","medium","4.35","20.25","40.5","6","0.05","108","1.76","1.84","167","218","362","421"
"546","76","medium","0.82","38","19","6","0.06","118.5","1.54","1.9","167","227","366","416"
"547","81","medium","3.46","40.5","27","7","0.06","142","1.62","1.93","170","228","344","391"
"548","91","medium","2.14","22.75","22.75","5","0.04","115.5","1.62","1.98","151","205","354","408"
"549","71","medium","5.55","17.75","23.67","5","0.06","123.5","1.61","1.95","130","176","324","367"
"550","86","medium","3.92","21.5","28.67","6","0.04","128.5","1.75","1.95","177","229","355","409"
"551","71","medium","1.13","17.75","35.5","5","0.05","121.5","1.54","1.67","166","214","310","368"
"552","95","medium","1.79","23.75","31.67","5","0.06","120.5","1.58","1.72","140","204","289","351"
"553","76","medium","4.67","38","38","7","0.05","127","1.52","1.9","162","217","345","402"
"554","79","medium","3.54","19.75","39.5","7","0.04","113.5","1.5","1.98","134","187","300","365"
"555","79","medium","5.55","39.5","39.5","6","0.04","136","1.58","1.98","148","203","288","353"
"556","87","medium","2.12","29","43.5","7","0.06","100.5","1.52","1.93","179","239","315","373"
"557","77","medium","3.19","38.5","25.67","7","0.04","130.5","1.55","1.93","151","209","343","401"
"558","79","medium","4.04","39.5","39.5","5","0.05","137","1.64","1.98","122","187","301","359"
"559","81","medium","6.26","20.25","40.5","6","0.05","127","1.67","1.87","146","193","324","381"
"560","71","medium","2.98","23.67","17.75","5","0.05","144","1.69","1.86","160","206","291","333"
"561","94","medium","2.44","47","47","6","0.04","114.5","1.62","1.94","154","219","374","441"
"562","78","medium","1.07","26","39","6","0.05","133","1.53","1.86","133","186","359","413"
"563","76","medium","0.54","19","38","7","0.05","110","1.52","1.9","141","185","279","336"
"564","82","medium","2.35","27.33","27.33","6","0.04","138.5","1.71","1.99","177","226","322","372"
"565","90","medium","3.6","30","22.5","5","0.06","137","1.75","2.05","122","177","313","369"
"566","92","medium","2.75","23","23","5","0.05","106","1.53","1.89","165","228","358","414"
"567","82","medium","5.5","27.33","41","7","0.05","133","1.52","1.9","173","235","398","454"
"568","73","medium","0.02","24.33","36.5","6","0.05","132","1.61","2.03","180","228","302","351"
"569","93","medium","3.68","23.25","46.5","5","0.05","129.5","1.55","1.86","125","187","325","397"
"570","84","medium","0.94","42","42","7","0.06","128.5","1.54","1.91","172","243","388","450"
"571","91","medium","6.2","22.75","22.75","5","0.06","119","1.62","1.9","148","204","343","402"
"572","73","medium","0.14","18.25","24.33","7","0.04","129","1.55","1.87","179","230","301","348"
"573","79","medium","1.21","39.5","39.5","6","0.04","121.5","1.58","1.88","157","217","313","380"
"574","86","medium","0.78","21.5","28.67","6","0.04","131","1.53","1.79","138","198","318","381"
"575","83","medium","5.72","20.75","41.5","5","0.04","136","1.6","1.73","154","212","328","397"
"576","87","medium","0.46","43.5","21.75","7","0.04","137","1.53","1.81","126","191","329","391"
"577","82","medium","3.67","41","41","6","0.05","115.5","1.53","1.83","162","225","336","394"
"578","78","medium","4.06","39","26","7","0.04","125.5","1.68","2.01","126","180","332","385"
"579","78","medium","0.67","39","26","6","0.06","126","1.73","1.89","132","188","314","364"
"580","75","medium","1","37.5","37.5","6","0.06","128.5","1.53","1.79","145","207","292","346"
"581","83","medium","0.09","41.5","27.67","6","0.06","103.5","1.84","1.98","129","184","309","358"
"582","72","medium","4.16","24","24","5","0.05","126","1.52","2.01","178","222","375","428"
"583","90","medium","2.19","22.5","45","5","0.04","128.5","1.52","1.73","156","220","315","390"
"584","92","medium","4.15","23","30.67","5","0.05","118.5","1.58","1.93","122","173","303","365"
"585","70","medium","2.38","23.33","35","5","0.06","127.5","1.53","2","172","212","318","373"
"586","87","medium","4.99","29","21.75","7","0.06","116.5","1.53","1.82","135","200","327","382"
"587","94","medium","2.84","31.33","31.33","5","0.06","123","1.66","1.84","123","188","314","379"
"588","77","medium","5.67","19.25","19.25","7","0.04","118.5","1.75","1.93","153","197","368","416"
"589","83","medium","0.56","41.5","20.75","7","0.05","144.5","1.55","1.89","168","230","374","427"
"590","84","medium","4.43","42","42","5","0.04","122.5","1.53","1.91","140","197","313","374"
"591","91","medium","4.89","45.5","30.33","6","0.05","126","1.61","1.94","169","234","386","443"
"592","85","medium","2.33","42.5","21.25","6","0.06","118","1.52","1.86","157","217","306","362"
"593","79","medium","0.69","26.33","39.5","5","0.05","123","1.55","1.98","168","223","329","384"
"594","71","medium","4.03","35.5","23.67","6","0.05","109.5","1.64","1.97","132","186","276","321"
"595","84","medium","1.54","21","42","5","0.06","127","1.5","1.91","152","209","353","410"
"596","88","medium","2.46","44","29.33","7","0.04","131.5","1.59","2","142","205","372","426"
"597","79","medium","2.18","39.5","26.33","7","0.04","135.5","1.59","1.82","143","204","301","354"
"598","91","medium","6.1","22.75","22.75","5","0.04","127","1.52","1.75","172","235","342","402"
"599","81","medium","3.82","27","27","5","0.04","145.5","1.78","1.93","159","210","314","361"
"600","90","medium","3.64","22.5","30","5","0.06","115.5","1.58","1.87","142","196","331","394"
"601","128","long","3.44","42.67","64","6","0.05","132.5","2.06","2.37","131","203","289","355"
"602","135","long","2.84","45","45","6","0.06","132","2","2.25","167","246","343","417"
"603","127","long","4.94","42.33","63.5","7","0.04","107","2.08","2.35","170","245","338","407"
"604","124","long","6.09","41.33","41.33","7","0.04","133","2.21","2.43","168","233","338","399"
"605","124","long","1.79","41.33","41.33","7","0.04","118.5","1.97","2.32","179","247","389","451"
"606","136","long","5.2","68","34","5","0.05","139","2.06","2.33","147","211","365","439"
"607","129","long","6.14","64.5","43","6","0.04","129","2.09","2.39","166","229","332","405"
"608","116","long","5.2","38.67","38.67","6","0.06","133","2.01","2.42","149","208","317","382"
"609","124","long","2.09","41.33","41.33","7","0.05","132.5","2.03","2.2","142","214","298","362"
"610","133","long","3.84","33.25","33.25","6","0.04","121","2","2.42","173","234","345","415"
"611","117","long","4.14","29.25","29.25","7","0.04","120.5","1.95","2.26","177","239","374","433"
"612","134","long","1.72","33.5","44.67","7","0.06","132","2.09","2.4","172","239","349","416"
"613","122","long","6","61","40.67","7","0.05","117","2.14","2.35","150","212","312","374"
"614","119","long","0.77","59.5","29.75","5","0.06","115.5","1.98","2.38","179","241","365","427"
"615","128","long","3.46","32","32","6","0.05","124.5","2.1","2.46","133","193","322","388"
"616","116","long","4.62","38.67","29","6","0.04","134","2.23","2.42","170","228","367","426"
"617","138","long","4.77","69","46","7","0.06","131","1.99","2.46","143","216","338","421"
"618","119","long","5.13","39.67","39.67","7","0.06","124.5","2.09","2.48","133","190","287","347"
"619","135","long","4.21","45","33.75","6","0.05","105.5","2.35","2.46","152","213","294","357"
"620","122","long","2.09","40.67","40.67","6","0.04","130.5","2.2","2.39","120","183","318","380"
"621","137","long","0.79","45.67","68.5","5","0.06","133.5","1.99","2.31","151","225","305","379"
"622","134","long","3.99","33.5","33.5","5","0.04","135","2.22","2.51","140","200","333","401"
"623","129","long","3.59","43","32.25","5","0.06","143.5","2.15","2.36","161","223","344","410"
"624","139","long","1.68","69.5","34.75","6","0.04","107.5","1.99","2.32","170","243","396","479"
"625","132","long","3.19","44","33","6","0.05","120","2.32","2.36","135","197","320","387"
"626","122","long","0.28","40.67","30.5","6","0.06","143","2.01","2.18","122","188","349","416"
"627","139","long","0.28","46.33","69.5","7","0.04","107","2.02","2.48","155","231","392","461"
"628","124","long","4.67","41.33","62","7","0.05","120.5","2.13","2.48","173","245","400","463"
"629","116","long","1.89","58","29","5","0.05","128.5","2","2.46","180","242","371","438"
"630","140","long","4.69","70","46.67","6","0.05","141.5","2.03","2.46","177","247","392","485"
"631","115","long","4.01","57.5","38.33","7","0.04","118.5","2.25","2.48","151","205","325","387"
"632","132","long","1.53","44","44","7","0.05","124.5","2.2","2.44","166","234","351","416"
"633","126","long","0.38","63","63","5","0.04","132","2.21","2.42","148","217","330","394"
"634","137","long","0.36","34.25","34.25","6","0.04","118.5","2.19","2.45","177","244","374","439"
"635","128","long","2.14","32","64","7","0.06","128.5","2.08","2.45","157","227","374","444"
"636","125","long","1.53","62.5","31.25","6","0.06","117","2.16","2.4","131","191","262","338"
"637","138","long","1.51","69","34.5","6","0.05","119.5","2.04","2.46","125","201","326","398"
"638","129","long","1.06","64.5","64.5","7","0.06","116","2.15","2.39","154","229","346","419"
"639","134","long","2.79","67","67","7","0.05","129.5","2.09","2.38","156","231","366","440"
"640","122","long","1.2","30.5","30.5","6","0.04","113.5","2.03","2.5","164","222","357","419"
"641","127","long","0.62","63.5","31.75","5","0.05","135.5","2.16","2.44","141","204","322","388"
"642","137","long","2.25","34.25","45.67","5","0.05","122","2.04","2.4","142","218","298","368"
"643","134","long","5.26","33.5","44.67","6","0.06","119.5","1.97","2.43","164","229","336","401"
"644","116","long","3.53","38.67","58","6","0.06","125","2.21","2.42","158","218","368","422"
"645","132","long","3.07","44","33","7","0.04","117","2.02","2.11","172","243","314","390"
"646","129","long","0.55","64.5","43","7","0.04","143","2.08","2.3","178","241","364","445"
"647","116","long","1.56","29","38.67","7","0.05","125","2.04","2.42","164","220","318","379"
"648","120","long","5.1","40","30","7","0.05","107.5","2.03","2.35","124","181","251","315"
"649","126","long","0.18","42","63","6","0.06","128.5","2.03","2.31","174","249","422","486"
"650","120","long","3.38","30","60","6","0.05","118.5","2.09","2.5","144","216","318","381"
"651","139","long","1.35","69.5","69.5","6","0.04","123","1.99","2.48","151","230","367","452"
"652","118","long","5.81","59","39.33","5","0.04","113","2.17","2.46","173","236","349","414"
"653","123","long","0.78","30.75","30.75","6","0.06","128.5","2.01","2.56","147","212","329","395"
"654","140","long","4.69","70","70","6","0.05","129","2.39","2.41","160","230","386","463"
"655","128","long","1.68","32","42.67","6","0.05","124.5","2.06","2.51","163","227","368","431"
"656","134","long","3.56","67","44.67","7","0.06","112","2.07","2.48","127","194","304","392"
"657","131","long","5.66","65.5","32.75","7","0.04","119.5","2.18","2.43","170","233","325","395"
"658","140","long","0.98","70","46.67","7","0.05","123.5","2.07","2.26","126","196","288","378"
"659","125","long","0.67","41.67","62.5","7","0.06","124","2.02","2.31","139","213","349","416"
"660","135","long","0.92","33.75","45","7","0.06","111","2.05","2.33","168","238","381","451"
"661","124","long","4.48","41.33","62","5","0.04","123","2.07","2.48","142","206","302","362"
"662","136","long","3.18","68","68","7","0.04","133.5","2.01","2.27","132","219","330","409"
"663","116","long","2.77","38.67","29","6","0.06","111","2.04","2.25","176","236","316","381"
"664","121","long","3.61","40.33","30.25","6","0.04","133.5","2.02","2.37","177","240","341","401"
"665","129","long","3.19","43","64.5","6","0.04","126","2.05","2.39","140","213","344","413"
"666","125","long","2.27","62.5","41.67","5","0.06","108","2.01","2.45","174","238","374","450"
"667","127","long","3","63.5","42.33","5","0.04","118","2.05","2.35","165","234","345","415"
"668","130","long","5.11","43.33","65","5","0.04","128.5","2.05","2.32","137","215","329","394"
"669","118","long","2.8","29.5","59","7","0.05","128","2.05","2.27","153","224","308","368"
"670","131","long","3.46","32.75","32.75","7","0.05","130","2.34","2.52","141","203","322","382"
"671","123","long","1.78","61.5","30.75","6","0.04","126","2.28","2.46","128","187","287","351"
"672","132","long","1.74","44","66","5","0.06","125.5","2.06","2.36","177","252","391","461"
"673","128","long","2.94","32","64","7","0.05","130.5","2.29","2.46","146","208","311","369"
"674","120","long","2.06","40","60","6","0.04","114.5","2.22","2.5","125","189","287","342"
"675","137","long","3.15","68.5","34.25","7","0.06","144.5","2.04","2.32","169","241","303","381"
"676","125","long","2.76","62.5","62.5","6","0.04","126","2.02","2.5","177","254","423","498"
"677","132","long","3.11","33","33","6","0.05","133","2.08","2.54","120","188","320","391"
"678","139","long","4.2","34.75","69.5","5","0.06","135.5","2.11","2.4","152","225","379","443"
"679","122","long","0.69","61","40.67","5","0.06","126.5","2.14","2.42","126","183","299","375"
"680","120","long","5.62","60","60","5","0.05","120.5","2.4","2.5","163","230","317","375"
"681","126","long","1.74","31.5","42","6","0.04","121.5","2.21","2.3","129","196","269","332"
"682","122","long","1.01","30.5","61","5","0.04","133.5","2.01","2.44","158","224","368","435"
"683","138","long","0.87","46","34.5","7","0.06","124","2.46","2.56","131","192","354","418"
"684","115","long","2.9","57.5","28.75","7","0.05","110.5","2.05","2.4","178","239","372","441"
"685","124","long","1.17","41.33","62","6","0.05","115.5","2.04","2.48","141","217","285","346"
"686","120","long","0.34","60","40","7","0.06","124.5","2.11","2.22","172","232","302","371"
"687","126","long","0.4","63","63","7","0.04","127.5","2.1","2.47","154","225","388","461"
"688","134","long","6.17","33.5","67","7","0.05","111","2.06","2.41","161","238","332","402"
"689","120","long","1.45","30","40","6","0.04","125","2","2.41","143","200","353","411"
"690","123","long","2.43","61.5","61.5","6","0.06","119.5","2.05","2.37","166","230","400","475"
"691","115","long","3.31","28.75","57.5","7","0.06","120","2.04","2.4","123","193","339","399"
"692","118","long","1.38","29.5","59","5","0.05","140","2.03","2.46","143","219","285","342"
"693","125","long","2.33","31.25","62.5","5","0.06","131","2.08","2.5","162","227","364","427"
"694","126","long","5.44","31.5","31.5","7","0.04","129","2.1","2.45","137","195","271","327"
"695","133","long","0.12","44.33","66.5","5","0.04","132.5","2.12","2.46","138","210","324","397"
"696","128","long","1.98","64","64","6","0.05","144.5","2","2.47","121","198","326","393"
"697","132","long","6.06","33","33","5","0.06","124","2.2","2.36","129","193","332","399"
"698","139","long","0.08","69.5","46.33","7","0.05","117","2.15","2.34","152","226","393","466"
"699","136","long","5.3","45.33","34","7","0.06","125.5","2.27","2.52","146","208","368","432"
"700","125","long","1.41","62.5","41.67","7","0.05","107.5","2.07","2.26","155","221","337","407"
"701","135","long","3.51","67.5","33.75","7","0.04","124","2.13","2.41","171","240","402","479"
"702","129","long","2.76","32.25","32.25","7","0.04","126","2.08","2.3","142","208","318","385"
"703","133","long","2.47","33.25","44.33","6","0.04","143","2.13","2.32","173","241","342","404"
"704","118","long","2.36","59","59","5","0.05","127.5","2.03","2.52","159","225","400","458"
"705","139","long","4.63","69.5","46.33","5","0.06","121.5","2.21","2.51","124","187","278","356"
"706","125","long","0.89","41.67","31.25","7","0.06","123","2.04","2.48","157","221","365","426"
"707","137","long","2.75","68.5","34.25","6","0.05","124","2.08","2.41","142","210","351","424"
"708","126","long","0.51","63","63","6","0.06","128.5","2.03","2.4","124","203","286","358"
"709","126","long","3.89","42","63","7","0.05","121","2.12","2.4","172","245","355","423"
"710","138","long","2","69","34.5","7","0.05","134","2.14","2.46","134","204","282","353"
"711","120","long","2.68","30","60","5","0.04","114","2.31","2.5","134","194","320","377"
"712","136","long","2","68","68","7","0.06","130","2.06","2.44","179","260","351","428"
"713","123","long","2.78","61.5","61.5","5","0.06","117","2.12","2.33","157","230","344","411"
"714","125","long","5.83","41.67","41.67","6","0.04","124","2.19","2.5","179","242","372","435"
"715","126","long","1.38","63","42","6","0.05","107","2.12","2.38","141","209","337","404"
"716","132","long","3.16","44","33","5","0.05","137","2.02","2.41","174","237","376","452"
"717","117","long","3.55","29.25","29.25","5","0.04","126.5","2.14","2.44","176","229","362","421"
"718","129","long","4.25","43","64.5","6","0.05","103","2.22","2.53","151","224","357","415"
"719","118","long","2.17","59","29.5","5","0.05","116.5","2.12","2.27","174","234","325","394"
"720","124","long","5.26","62","41.33","7","0.05","125","2.09","2.38","162","230","305","369"
"721","139","long","0.61","69.5","69.5","5","0.06","142.5","2.18","2.46","134","216","352","426"
"722","128","long","5.95","42.67","42.67","7","0.05","131.5","2.11","2.51","128","200","307","365"
"723","128","long","5.41","64","42.67","5","0.05","128","2.06","2.35","155","216","370","444"
"724","135","long","2.36","45","45","6","0.05","132","2.12","2.25","175","250","401","470"
"725","117","long","1.04","39","39","5","0.06","123.5","2.06","2.44","145","209","373","429"
"726","136","long","0.73","45.33","45.33","5","0.06","122","2.05","2.27","123","199","346","420"
"727","132","long","2.78","66","44","7","0.06","124","2.04","2.44","169","235","354","427"
"728","139","long","1.51","46.33","69.5","5","0.06","122.5","2.05","2.44","166","243","401","470"
"729","116","long","5.45","29","58","5","0.04","125","2","2.44","176","253","403","456"
"730","115","long","1.53","57.5","38.33","6","0.05","121.5","2.09","2.42","147","211","319","376"
"731","138","long","4.61","34.5","34.5","6","0.05","102","2.03","2.46","122","188","311","374"
"732","123","long","2.75","61.5","41","7","0.06","113.5","2.12","2.46","121","178","293","360"
"733","117","long","1.24","39","39","7","0.05","129.5","2.05","2.49","133","188","330","392"
"734","127","long","1.9","42.33","31.75","7","0.06","135","2.02","2.44","124","187","291","359"
"735","115","long","1.72","38.33","38.33","5","0.04","144.5","2.02","2.39","179","233","344","404"
"736","136","long","5.1","68","45.33","5","0.06","124.5","2.05","2.43","130","207","348","424"
"737","120","long","2.68","40","40","7","0.04","142","2.11","2.37","173","239","327","390"
"738","123","long","1.8","41","61.5","5","0.06","128","2.03","2.16","157","232","344","414"
"739","131","long","4.35","65.5","65.5","6","0.05","118.5","2.18","2.34","128","200","334","407"
"740","119","long","5.78","29.75","39.67","7","0.05","104","2.1","2.33","177","241","371","428"
"741","121","long","4.38","30.25","30.25","6","0.04","121.5","2.02","2.38","135","190","326","394"
"742","138","long","0.49","34.5","46","7","0.06","117.5","2.03","2.21","151","222","301","374"
"743","119","long","1.36","29.75","29.75","5","0.05","125","2.08","2.48","133","194","311","374"
"744","115","long","4.12","38.33","57.5","6","0.05","118.5","2.12","2.42","155","218","365","421"
"745","117","long","1.79","29.25","29.25","7","0.06","140","2.09","2.45","121","175","251","312"
"746","116","long","5.73","29","29","7","0.06","134.5","2.23","2.45","132","189","320","373"
"747","132","long","5.61","44","33","7","0.06","122","2","2.14","145","215","340","416"
"748","115","long","5.45","57.5","38.33","5","0.04","118","2.08","2.4","142","203","374","439"
"749","138","long","2.01","46","34.5","6","0.06","120.5","2.19","2.41","136","202","269","338"
"750","119","long","1.21","59.5","59.5","7","0.06","135.5","2.03","2.38","139","209","328","395"
"751","123","long","1.65","41","30.75","7","0.04","109.5","2","2.41","140","203","325","393"
"752","117","long","5.13","39","29.25","6","0.04","119","2.25","2.43","135","190","293","351"
"753","136","long","5.39","68","34","5","0.06","115.5","2.03","2.28","176","260","413","479"
"754","132","long","4.12","44","33","7","0.05","120.5","2.02","2.44","173","248","337","405"
"755","137","long","6.26","68.5","45.67","5","0.05","136","2.07","2.45","120","201","360","431"
"756","124","long","5.93","62","31","5","0.05","123.5","2.04","2.38","171","241","376","441"
"757","137","long","5.86","45.67","68.5","7","0.06","139.5","2.08","2.32","152","222","349","425"
"758","128","long","5.63","42.67","42.67","7","0.04","125","2.21","2.51","146","207","350","418"
"759","137","long","1.94","34.25","34.25","6","0.06","112.5","2.01","2.21","164","237","318","386"
"760","121","long","3.63","30.25","60.5","6","0.05","119","2.03","2.42","149","208","309","381"
"761","120","long","1.31","40","30","7","0.06","130","2","2.3","176","239","418","480"
"762","136","long","0.45","34","34","7","0.05","133","2.11","2.43","176","245","411","478"
"763","135","long","1.34","67.5","33.75","7","0.04","116","2.17","2.41","130","208","336","404"
"764","125","long","1.23","41.67","31.25","6","0.05","128","2.08","2.45","135","194","360","424"
"765","128","long","4.8","64","32","6","0.06","113","2","2.21","157","231","399","465"
"766","139","long","1.2","34.75","69.5","5","0.06","127","2.24","2.48","140","206","327","400"
"767","121","long","3.2","30.25","40.33","7","0.04","144.5","2.28","2.37","172","230","365","424"
"768","126","long","5.09","31.5","42","6","0.04","124","2.33","2.42","137","196","312","371"
"769","121","long","3.69","60.5","40.33","6","0.04","108.5","2.02","2.28","150","223","309","375"
"770","120","long","3.21","60","40","5","0.05","116","2.22","2.5","130","191","277","336"
"771","134","long","3.83","67","33.5","7","0.06","124","2.16","2.32","147","217","369","436"
"772","126","long","2.42","31.5","63","5","0.04","126.5","1.97","2.33","130","191","358","429"
"773","121","long","5.92","40.33","30.25","6","0.04","138.5","2.1","2.24","160","225","309","374"
"774","132","long","5.44","66","33","7","0.06","124.5","2.2","2.31","147","221","329","394"
"775","138","long","2.17","69","46","5","0.05","136.5","2.03","2.42","162","248","337","410"
"776","118","long","1.4","59","59","6","0.04","124","2.11","2.4","127","191","294","364"
"777","138","long","3.09","34.5","46","5","0.04","110.5","2.04","2.42","142","211","334","410"
"778","127","long","0.92","31.75","63.5","6","0.04","124","2.22","2.44","154","217","386","449"
"779","138","long","3.84","34.5","34.5","6","0.04","122","2.11","2.3","179","251","391","461"
"780","129","long","1.16","32.25","32.25","7","0.05","138.5","2.04","2.48","122","190","318","383"
"781","121","long","2.22","60.5","30.25","6","0.05","108.5","2.16","2.33","170","235","366","425"
"782","123","long","1.27","41","41","5","0.05","117","2","2.33","167","239","388","449"
"783","136","long","0.79","68","68","6","0.05","126","2.09","2.37","129","201","288","366"
"784","124","long","3.35","62","31","6","0.05","141.5","2.04","2.38","152","218","298","361"
"785","125","long","0.31","41.67","41.67","6","0.04","117.5","2.07","2.31","180","252","377","437"
"786","134","long","2.72","44.67","67","7","0.05","121","2.03","2.35","163","231","370","456"
"787","130","long","2.84","65","65","6","0.04","123","2.08","2.49","158","220","372","445"
"788","130","long","3.19","65","43.33","5","0.04","129","2.08","2.5","178","256","332","400"
"789","127","long","0.59","31.75","42.33","7","0.06","114.5","2","2.33","167","236","387","452"
"790","136","long","0.81","34","68","6","0.06","107.5","2.11","2.43","123","190","334","408"
"791","124","long","2.72","31","31","5","0.05","143","2.06","2.25","177","242","382","443"
"792","139","long","0.05","46.33","46.33","6","0.04","120","2.27","2.44","134","204","317","385"
"793","124","long","1.32","62","31","6","0.05","128.5","2.03","2.38","141","220","397","455"
"794","138","long","0.76","46","34.5","7","0.04","138","2.09","2.36","162","240","363","426"
"795","122","long","3.29","30.5","40.67","5","0.06","130","2.18","2.5","133","187","314","378"
"796","125","long","0.32","41.67","31.25","5","0.06","115","2.08","2.4","165","226","362","422"
"797","119","long","0.77","39.67","29.75","7","0.06","113.5","2.2","2.48","143","204","324","380"
"798","139","long","5.22","34.75","34.75","6","0.06","132","2.19","2.48","150","219","356","419"
"799","122","long","4.49","61","40.67","7","0.05","125.5","2.26","2.44","152","214","298","358"
"800","133","long","0.83","33.25","44.33","6","0.05","132.5","2.08","2.41","151","221","371","434"
"801","128","long","5.65","64","64","6","0.04","120.5","2.06","2.47","121","184","305","373"
"802","132","long","1.57","44","66","6","0.04","124.5","2.17","2.44","158","225","350","424"
"803","140","long","1.35","70","46.67","6","0.04","125.5","2.06","2.48","164","252","382","447"
"804","128","long","1.34","32","42.67","7","0.04","118.5","2","2.25","139","203","369","433"
"805","126","long","0.81","42","31.5","6","0.06","114","2.17","2.47","147","206","341","404"
"806","128","long","4.63","64","32","6","0.06","119.5","2.13","2.44","173","245","343","409"
"807","121","long","3.61","60.5","40.33","7","0.04","102.5","2.02","2.47","158","233","337","395"
"808","126","long","1.22","42","63","6","0.04","120.5","2.1","2.42","148","208","368","446"
"809","133","long","0.75","66.5","33.25","6","0.05","120.5","2.19","2.56","149","229","316","382"
"810","135","long","2.85","67.5","67.5","6","0.05","134.5","2.05","2.45","153","223","365","448"
"811","120","long","1.74","40","30","5","0.06","125","2","2.37","163","222","310","370"
"812","119","long","4.46","59.5","39.67","5","0.06","112","2.05","2.48","173","248","355","410"
"813","136","long","1.32","34","68","6","0.06","116.5","2.1","2.34","132","206","339","413"
"814","125","long","6.02","31.25","62.5","6","0.04","113.5","2.23","2.45","154","212","329","397"
"815","140","long","1.47","46.67","46.67","6","0.06","128","2.03","2.45","146","218","345","412"
"816","119","long","3.3","59.5","59.5","6","0.04","130","2.05","2.22","139","203","307","375"
"817","120","long","0.08","30","30","5","0.05","146.5","2.2","2.5","152","207","281","340"
"818","128","long","3.32","42.67","42.67","7","0.04","118.5","2.03","2.26","134","199","319","387"
"819","117","long","1.09","58.5","29.25","6","0.04","138.5","2.07","2.25","136","209","350","410"
"820","129","long","3.8","64.5","32.25","7","0.06","112.5","2.02","2.43","157","229","370","429"
"821","131","long","4.48","43.67","43.67","6","0.05","116","2.12","2.43","121","193","301","362"
"822","116","long","6.25","29","58","5","0.04","149.5","2.01","2.42","157","218","312","378"
"823","129","long","1.72","64.5","64.5","5","0.06","116.5","2.13","2.47","176","242","362","443"
"824","125","long","4.9","62.5","41.67","6","0.05","128.5","2.26","2.41","175","241","373","435"
"825","136","long","5.1","45.33","45.33","6","0.05","138.5","2.07","2.44","131","205","378","441"
"826","126","long","5.83","63","42","5","0.05","138.5","2.1","2.34","161","229","358","426"
"827","116","long","2.37","58","58","7","0.06","141.5","2.07","2.52","140","206","276","343"
"828","126","long","1.2","42","63","6","0.06","127","2","2.27","137","201","310","389"
"829","127","long","3.62","63.5","42.33","5","0.06","143","2.05","2.49","164","231","340","406"
"830","117","long","5.97","39","39","5","0.06","146.5","2.05","2.33","151","213","293","354"
"831","134","long","5.3","33.5","67","6","0.06","121.5","2.03","2.31","164","235","331","416"
"832","115","long","1.41","38.33","57.5","6","0.04","116","2.28","2.45","139","199","279","343"
"833","137","long","5.58","45.67","68.5","6","0.04","119.5","2.36","2.54","164","227","357","426"
"834","124","long","4.55","31","31","7","0.05","130","2.06","2.38","151","216","374","438"
"835","133","long","4.77","66.5","44.33","5","0.04","121.5","2.02","2.46","125","201","328","398"
"836","118","long","3.68","59","39.33","7","0.04","122","2","2.36","138","210","337","402"
"837","121","long","6.2","60.5","40.33","5","0.05","123","2.06","2.24","167","244","355","414"
"838","123","long","0.89","30.75","30.75","7","0.05","114.5","2.05","2.24","130","191","298","364"
"839","131","long","2.47","43.67","32.75","7","0.04","121.5","2.27","2.38","170","233","331","396"
"840","128","long","2.99","64","32","6","0.06","108.5","2.26","2.46","167","242","339","402"
"841","138","long","0.49","34.5","69","6","0.05","141.5","2.09","2.46","128","196","305","377"
"842","135","long","1.5","67.5","67.5","5","0.06","138.5","2.31","2.5","153","224","304","370"
"843","128","long","4.64","42.67","42.67","5","0.05","126.5","2.03","2.26","162","226","342","417"
"844","120","long","1.8","30","60","5","0.04","106.5","2.14","2.31","155","212","375","440"
"845","118","long","3.92","39.33","59","6","0.04","134.5","1.98","2.46","167","229","355","423"
"846","126","long","6.2","42","42","5","0.04","119","2","2.42","178","248","369","432"
"847","116","long","5.26","38.67","38.67","5","0.05","126.5","2.11","2.42","157","216","348","405"
"848","140","long","1.92","46.67","70","5","0.05","110.5","2.03","2.31","152","235","356","441"
"849","127","long","1.81","42.33","63.5","5","0.05","118","2.34","2.41","121","184","283","349"
"850","121","long","5.76","40.33","30.25","7","0.04","127.5","2","2.33","157","227","357","418"
"851","116","long","0.71","38.67","38.67","5","0.06","123.5","2.06","2.42","135","193","320","379"
"852","116","long","2.69","29","29","7","0.04","126","2.07","2.46","138","198","334","386"
"853","123","long","0.75","30.75","41","7","0.06","131.5","2.02","2.16","142","206","320","390"
"854","131","long","4.97","65.5","43.67","6","0.05","124.5","2.17","2.41","163","234","314","379"
"855","116","long","1.32","38.67","29","6","0.06","135.5","2.07","2.44","166","223","313","377"
"856","140","long","2.6","46.67","35","7","0.06","130.5","2.02","2.33","133","210","306","378"
"857","117","long","0.47","39","39","6","0.05","119","2.17","2.41","169","224","348","408"
"858","132","long","4.99","66","33","7","0.04","139","2.08","2.36","153","238","379","441"
"859","117","long","0.52","29.25","39","5","0.04","111.5","2.05","2.44","151","208","361","424"
"860","118","long","2.13","29.5","39.33","6","0.05","146.5","2.01","2.46","125","178","343","409"
"861","134","long","3.65","33.5","44.67","5","0.05","111","2.13","2.39","163","226","359","428"
"862","125","long","3.16","31.25","62.5","5","0.04","129","2.16","2.48","120","179","268","342"
"863","138","long","6.02","46","34.5","5","0.06","123","2.02","2.42","162","238","352","415"
"864","126","long","5.14","63","42","7","0.05","133","2.32","2.42","159","223","324","383"
"865","132","long","3.11","66","44","7","0.06","115","2.1","2.44","173","251","361","426"
"866","131","long","0.15","32.75","32.75","5","0.06","140","2.13","2.36","126","194","270","331"
"867","122","long","4.45","30.5","40.67","5","0.04","110.5","2.02","2.44","137","205","372","431"
"868","136","long","3.2","34","68","7","0.04","131","2.12","2.43","125","188","343","415"
"869","140","long","5.62","46.67","46.67","6","0.04","127.5","2.06","2.33","121","190","308","386"
"870","130","long","5.02","32.5","32.5","5","0.05","109.5","2.1","2.32","150","219","376","439"
"871","135","long","4.07","67.5","33.75","6","0.05","128.5","2.25","2.5","153","227","362","426"
"872","120","long","1.89","40","60","6","0.06","132.5","2.14","2.22","152","216","385","453"
"873","119","long","6.01","29.75","59.5","5","0.05","118.5","2.1","2.29","129","189","366","433"
"874","122","long","2.9","40.67","40.67","7","0.04","111.5","2.14","2.48","120","178","300","361"
"875","118","long","0.15","39.33","29.5","7","0.04","102.5","2","2.46","168","225","377","440"
"876","137","long","4.92","34.25","68.5","7","0.04","127.5","2.14","2.45","146","213","336","411"
"877","121","long","4.94","30.25","40.33","6","0.06","140","2.02","2.21","159","220","322","388"
"878","121","long","4.36","30.25","60.5","7","0.04","126.5","2.31","2.33","131","189","317","383"
"879","132","long","5.9","66","33","5","0.04","108.5","2.06","2.49","139","207","327","389"
"880","127","long","5.56","42.33","31.75","6","0.04","133.5","2.25","2.44","136","202","277","336"
"881","124","long","4.05","41.33","62","6","0.05","126","2.15","2.43","121","183","295","360"
"882","130","long","4.74","65","32.5","7","0.06","130","2","2.5","175","254","353","424"
"883","136","long","4.34","68","34","6","0.05","127.5","2.26","2.41","143","212","384","449"
"884","119","long","4.36","39.67","59.5","6","0.04","121","2.05","2.48","176","246","358","420"
"885","131","long","3.18","43.67","32.75","5","0.06","113.5","2.05","2.49","172","231","335","405"
"886","123","long","4.04","30.75","61.5","7","0.05","142.5","2.13","2.2","161","223","312","378"
"887","123","long","3.78","61.5","30.75","7","0.05","136","2.12","2.42","144","209","317","383"
"888","122","long","2.18","30.5","30.5","6","0.05","114.5","2.03","2.49","152","212","332","386"
"889","135","long","5.75","67.5","33.75","6","0.04","119.5","2.05","2.41","141","229","342","413"
"890","115","long","5.29","28.75","28.75","7","0.04","136","2.02","2.4","168","231","351","413"
"891","127","long","0.58","42.33","63.5","5","0.06","107","2.05","2.23","154","225","316","389"
"892","116","long","0.76","58","58","7","0.04","119.5","2","2.32","160","233","368","433"
"893","116","long","0.57","29","58","6","0.06","121.5","2.23","2.42","122","179","343","414"
"894","120","long","3.58","60","60","6","0.04","136","2.07","2.39","154","218","356","427"
"895","119","long","3.26","39.67","39.67","7","0.04","123","2.18","2.33","122","181","352","414"
"896","130","long","4.48","65","43.33","6","0.06","130","2.02","2.32","167","243","351","419"
"897","140","long","4.65","46.67","46.67","6","0.06","121","2.11","2.46","132","206","308","381"
"898","118","long","5.07","29.5","39.33","7","0.04","125","2.11","2.46","144","199","349","405"
"899","129","long","4.34","43","32.25","5","0.04","113","2.02","2.38","142","208","327","390"
"900","138","long","1.25","34.5","69","7","0.05","116","2.03","2.22","146","221","341","421"
